channel_id,channel_title,niche,subscriber_count
UCCTHtVMXy9gQA8X_HOEJA2A,Gis com Giz Matem√°tica,"['educa√ß√£o', 'escola', 'estudo', 'aprendizado']",4060000
UCqLLvE_v2ktQVFO_TnSQoTg,Matem√°tica em Evid√™ncia,"['educa√ß√£o', 'escola', 'estudo', 'aprendizado']",530000
UCyLFt2mI7bgRzkCnu5eM0Fw,Clarissa Pereira Pedagoga,"['educa√ß√£o', 'escola', 'estudo', 'aprendizado']",260000
UC-sYio3O37PwSnznSztKK_g,Minist√©rio Ensinando de Si√£o,"['educa√ß√£o', 'escola', 'estudo', 'aprendizado']",226000
UCTAE3t96gJbgn1K-0yaPV2Q,Est√∫dio Educa√ß√£o MG,"['educa√ß√£o', 'escola', 'estudo', 'aprendizado']",112000
UCLJRNys58t787upHb8yKBLA,Hamurabi Messeder,"['educa√ß√£o', 'escola', 'estudo', 'aprendizado']",89200
UC6nu3U4jp2crWY9oPdk8AJg,Profa Renata Gl√≥ria Rede de Aprendizagem,"['educa√ß√£o', 'escola', 'estudo', 'aprendizado']",66900
UCjeabqMRedljoStIFleNSnA,Descomplica pra Escolas,"['educa√ß√£o', 'escola', 'estudo', 'aprendizado']",26900
UCKJUHyvt12eYC33e9MNRxDQ,Escribo - Inova√ß√£o para o aprendizado,"['educa√ß√£o', 'escola', 'estudo', 'aprendizado']",25500
UCKSrS0neoalx8p9dmMRWEqA,Aprender e Estudar em Casa,"['educa√ß√£o', 'escola', 'estudo', 'aprendizado']",15800
UCuisdUcoQsu07YQgTB39e9Q,Escola de Apoio Meu Dever de Casa,"['educa√ß√£o', 'escola', 'estudo', 'aprendizado']",10900
UC0oGRi-57y7j6V8QmBKHqLw,Clube da Aprendizagem,"['educa√ß√£o', 'escola', 'estudo', 'aprendizado']",7600
UCmqQnCESqoOC767Un_FG3ww,Centro de Educa√ß√£o - UFPB,"['educa√ß√£o', 'escola', 'estudo', 'aprendizado']",7210
UCaxspg9Alk-lADtJwFMhw_A,Axovi Educa√ß√£o,"['educa√ß√£o', 'escola', 'estudo', 'aprendizado']",6860
UCwYrYqAaUdEtigwzcI9ptPw,Canal Vinci,"['educa√ß√£o', 'escola', 'estudo', 'aprendizado']",5430
UCPZyq3g43o1huTeNPhMDAEw,Gest√£o Escolar e Educacional com a Profa. Patr√≠cia,"['educa√ß√£o', 'escola', 'estudo', 'aprendizado']",3660
UCfwbykJ_2Be5qUA0MLcBiWw,UnB Mais Educa√ß√£o,"['educa√ß√£o', 'escola', 'estudo', 'aprendizado']",3040
UCe8Ke1dCSMM9zbqoYdBM4jw,Ensino MaisO2,"['educa√ß√£o', 'escola', 'estudo', 'aprendizado']",3020
UCQCSw1vmUoLGiK6w5PrJ4jw,EcoHabitare - Projetos Educacionais,"['educa√ß√£o', 'escola', 'estudo', 'aprendizado']",2700
UCW2l-8pOkWldiq_2AazE9KQ,Escola Parque,"['educa√ß√£o', 'escola', 'estudo', 'aprendizado']",2500
UCU48v70GLG4wBNsS3yGKuKg,Evolua Educa√ß√£o,"['educa√ß√£o', 'escola', 'estudo', 'aprendizado']",2000
UCVWukRfa8glZDqh8OnGes6Q,LaPEF FEUSP,"['educa√ß√£o', 'escola', 'estudo', 'aprendizado']",1800
UCjBwY19OaH1GjHrnUIqLZNA,CI√äNCIA DO APRENDER Julio Luchmann,"['educa√ß√£o', 'escola', 'estudo', 'aprendizado']",856
UCXeL_Q6xpjNukbqcrjNSoRw,gepeme,"['educa√ß√£o', 'escola', 'estudo', 'aprendizado']",814
UCPpFcXx3JQ4qI2ByBoaXMOA,Escola M√°ximu's,"['educa√ß√£o', 'escola', 'estudo', 'aprendizado']",776
UC3rCeHEfvPoeQECj9edoFaA,Escola do Professor,"['educa√ß√£o', 'escola', 'estudo', 'aprendizado']",773
UCxZv3a0TLu9zKUptYt5oY7Q,Resenha Educa√ß√£o,"['educa√ß√£o', 'escola', 'estudo', 'aprendizado']",714
UCmjjEtnmVvDNJAkpQmU6gUA,Passatempo Educativo,"['educa√ß√£o', 'escola', 'estudo', 'aprendizado']",574
UCRk-HV6uJQoZ3RFY9rcyFXw,BEƒ® Educa√ß√£o,"['educa√ß√£o', 'escola', 'estudo', 'aprendizado']",460
UCAjqhLU8cJmDbrL4rODS5XA,Educa√ß√£o Sigeduc Bahia,"['educa√ß√£o', 'escola', 'estudo', 'aprendizado']",443
UC3zrypxoFxQGSTRazqpfpDw,PlayschoolGame-Ensino divertido,"['educa√ß√£o', 'escola', 'estudo', 'aprendizado']",409
UC47KmVNtZzuotaLIkaPFWtQ,ESCOLA INTERATIVA,"['educa√ß√£o', 'escola', 'estudo', 'aprendizado']",372
UClIRMf3pdhOY8gG2PSaqtTg,Educa√ß√£o na mesa,"['educa√ß√£o', 'escola', 'estudo', 'aprendizado']",332
UC52Rl7IzsuTZLTseTsywnNw,Escola Politeia,"['educa√ß√£o', 'escola', 'estudo', 'aprendizado']",265
UCYxe7I1rqrKElbOMRTyV6yg,Amplexo Educa√ß√£o,"['educa√ß√£o', 'escola', 'estudo', 'aprendizado']",254
UCbPm3P8o248ahd5OArwRlAQ,Henzinar,"['educa√ß√£o', 'escola', 'estudo', 'aprendizado']",204
UC1v9niNPxG0oQfHFwEzhU7Q,Escola Miquelle,"['educa√ß√£o', 'escola', 'estudo', 'aprendizado']",137
UCEQAxjFSzdXX4GBlrZdB7Tg,E. E. Santa Quit√©ria,"['educa√ß√£o', 'escola', 'estudo', 'aprendizado']",136
UCmmq25XKThG0tKQQ5qltW6g,Escola Metropolitana,"['educa√ß√£o', 'escola', 'estudo', 'aprendizado']",74
UCDGDETQXoeKR3sHynPfh9ww,Papo Educa√ß√£o,"['educa√ß√£o', 'escola', 'estudo', 'aprendizado']",61
UCOmHQDVGVkbh5grQxIRKOqQ,criaprender,"['educa√ß√£o', 'escola', 'estudo', 'aprendizado']",59
UC6DKqKYDNada3M_koR15YvQ,Estudo Flex,"['educa√ß√£o', 'escola', 'estudo', 'aprendizado']",41
UCpTr8MilckH8gkiujiAWIbA,√ÇMBITO ESCOLAR,"['educa√ß√£o', 'escola', 'estudo', 'aprendizado']",41
UCb4RWB2kWSr3lP3gJhYBykQ,Papo de aluno,"['educa√ß√£o', 'escola', 'estudo', 'aprendizado']",32
UCD137oVV3AToRjzyhTy3ccA,Fernando Giannini,"['educa√ß√£o', 'escola', 'estudo', 'aprendizado']",30
UC-m5g26gS2VdJ_9qU-87fCg,ü§ìpEDAGOGIA pARA fAM√çLIAü§ì,"['educa√ß√£o', 'escola', 'estudo', 'aprendizado']",18
UCj-8QV4A2yHXLvtE0g3tXkw,Escola Phored,"['educa√ß√£o', 'escola', 'estudo', 'aprendizado']",5
UC22oOzf86V9R8zfWME9GQYA,Intertexto Escola de Reda√ß√£o,"['educa√ß√£o', 'escola', 'estudo', 'aprendizado']",5
UCSze2vv6q2oZya_y0OAi16Q,Solange Bonomo Assump√ß√£o,"['educa√ß√£o', 'escola', 'estudo', 'aprendizado']",4
UCwUWlxL2uNjzFjhezyQt75g,Ess√™ncia da cultura,"['educa√ß√£o', 'escola', 'estudo', 'aprendizado']",2
