Canal,Link,N√∫mero de Inscritos
Charla Podcast,https://www.youtube.com/channel/UCPHvx0NxJubMU8QqZ6X_Efw,690000
Thinking Basketball,https://www.youtube.com/channel/UC3HPbvB6f58X_7SMIp6OPYw,594000
THE FIGHT with Teddy Atlas,https://www.youtube.com/channel/UC7D_b_1q4Dxz9ebeEYVVxWQ,308000
Eslen Podcast,https://www.youtube.com/channel/UCIHwyJi76D027pbkzct731g,223000
MMA Hoje,https://www.youtube.com/channel/UCtyPVVelcg7HPnn-WytO4EA,153000
Trader Edvan Cervantes,https://www.youtube.com/channel/UCQ8S1sTNE2MGki2UO6E6o1A,149000
ProBox TV,https://www.youtube.com/channel/UCT7Mm-aRWBZ1Zd2bIXIEsyg,115000
 Futbola√ßo Podcast,https://www.youtube.com/channel/UCUg0jFGdFLtCVCtfunVS1Jw,93700
Generaci√≥n MMA,https://www.youtube.com/channel/UCbInCoZGXwjtmyE-qe6KAvw,76700
Tengoose Boxing Gym,https://www.youtube.com/channel/UCPC2bb9jruWbZoahEoaHJoQ,74000
Pelas Pistas Podcast,https://www.youtube.com/channel/UCIsAVvoXseBh3FOzzhpO8rg,67300
Game To Love - Tennis Podcast,https://www.youtube.com/channel/UCf-1b3wusJSFaD03Weg8lOA,59400
Cortes da Roda,https://www.youtube.com/channel/UCs1WvtkK89NDld5uApH3HVg,53600
MMA Podcast,https://www.youtube.com/channel/UCEENuYhnbFiffh6RfcnRE2w,41100
Football Daily Podcasts,https://www.youtube.com/channel/UCnrl3Wl2carejMopb-HtqmA,36700
Aloha Podcast,https://www.youtube.com/channel/UCM0sYhfFeJCM5NYsECF0cHw,35400
Bola Presa,https://www.youtube.com/channel/UCi3mbY6v_opOURS1ofVFCOg,33100
45 Minutos,https://www.youtube.com/channel/UCCt_rvesjcfA7JoAwDdzEfA,29600
Inside Boxing Live,https://www.youtube.com/channel/UC6YLwVRvTnqfqzbaXLZzmkA,28500
Autoracing Podcast,https://www.youtube.com/channel/UCQaAEA2FnZeY5ew6Kl6Kw4A,22900
MMArcade Podcast,https://www.youtube.com/channel/UCi8sq9Kh4nIC3y_UtMXnd2A,22500
Alternativa2Podcast DE TD UM POUCO,https://www.youtube.com/channel/UCklFzgbRfc6o7LdlJ99lEAw,18200
Tennis Legend Podcast,https://www.youtube.com/channel/UC76V1rLkuusW7ZnYfnPAT8g,16800
Cron√¥metro Zerado,https://www.youtube.com/channel/UCtUq6EAdzHiEtBRqf6uRLcw,13000
The Tennis Podcast,https://www.youtube.com/channel/UC9ZPFOiLoEeOBJseKICaFFQ,10000
PodB√£o TV,https://www.youtube.com/channel/UCdGkCBgQvh4vV4eUYdSwsrw,9060
Caf√© com Velocidade,https://www.youtube.com/channel/UCXeOto3gOwQiUuFPZOQiXLA,8780
Sparta Podcast,https://www.youtube.com/channel/UC1qdaWZtPKweXMITgSJvLEQ,8020
Les Podcasts Boxe Attitude,https://www.youtube.com/channel/UCeOelsGSEZsnBLbzcUA8Plg,7310
Constellers Podcast,https://www.youtube.com/channel/UCOnHlhq7NVYQFtML5C0_EaQ,7200
Ative Seu DNA Podcast,https://www.youtube.com/channel/UCu1hSKSQj_D-ntuAyn3HKHA,6780
Podcast Tenisbrasil,https://www.youtube.com/channel/UC-ftHU-LFpnYIQ-2hu9pDgA,6510
odemiralivre podcast,https://www.youtube.com/channel/UCVWB02f28wcwwTZ_Mu4nMvg,6160
Surf Splendor - Surf Podcast Network,https://www.youtube.com/channel/UCKnQvHULQJRlkJ5F0BJER8A,5830
PROMMA PODCAST,https://www.youtube.com/channel/UC7I39SbU_jcYiQKCpKYq-2g,5530
VEM NA RODA PODCAST,https://www.youtube.com/channel/UC7KqrMCNdxjdCdht5nrZcRw,5450
Podcast Resenha dos Crias,https://www.youtube.com/channel/UCBGbsZJX4PlCpg9vm9Cq6tA,5390
Fair Play Thinker podcast,https://www.youtube.com/channel/UCz3SOWhRElo3dh4qAEa5_Og,5240
The MMA Draw Podcasts,https://www.youtube.com/channel/UCFoX81d3fNHrcUckyQdRzLQ,5180
MMA SLAM PODCAST,https://www.youtube.com/channel/UCyeqcxo3166YJ-JGQK2v3og,4810
O Bikest,https://www.youtube.com/channel/UCLe8CnucdnqEJRmn7TvXVEw,4680
REI DA LUTA,https://www.youtube.com/channel/UC-MEMITnJOZUOj75ozTdq1w,4640
Buiten De Kooi - MMA Podcast,https://www.youtube.com/channel/UCTLy5wrugZswxF0_AU0o6sQ,4520
C√äFRAG√î PODCAST,https://www.youtube.com/channel/UCW9Mvd4_3OF5Np59GSOh3Tg,4380
Podcast Podsport,https://www.youtube.com/channel/UC9pN3w4WkPrmPWUj-NGs41w,4120
Valle Tudo Podcast,https://www.youtube.com/channel/UCXDmRLL097RBmc5OXqKNEAw,4000
THE BOARDROOM SURF SHOW PODCAST,https://www.youtube.com/channel/UCTZztFM3HXNirsL39JGqJJA,3600
Podcast Papo Reto Bauru,https://www.youtube.com/channel/UCQguyp3G5kFIyEINHq_eqTQ,3330
Zueiragem Podcast,https://www.youtube.com/channel/UCXxrD-vl6LoCrbCmhcGN-hQ,3210
Bola Laranja,https://www.youtube.com/channel/UCbl7fqm5-_pEQaiTglTatJA,3140
Autorama Club,https://www.youtube.com/channel/UCMw9KU4YQbUNNubE4EJhkSQ,3090
Tv Pacaj√°,https://www.youtube.com/channel/UCNL_HQJDe23XWABHeE_istQ,2940
CLUBE DA LUTA PODCAST,https://www.youtube.com/channel/UCb9LKrjL2fEboU6LNoPBKHw,2820
Clube do Basquete Podcast,https://www.youtube.com/channel/UC9tIaFAeUz-sqf9Ht8ZFRDA,2660
PODCAST SELVA de PEDRA BRASIL,https://www.youtube.com/channel/UCLUqZNuBrEJ6Cfw-X7uvFcA,2630
Podcast Fam√≠lia Fernandes ,https://www.youtube.com/channel/UCpbm1GRxPsTil4JW8qgNo3g,2480
Saque e Resenha Podcast,https://www.youtube.com/channel/UCGs_CGGUvkVSM09sdMQEF4g,2410
Pietre Rotolanti Cycling Podcast,https://www.youtube.com/channel/UClZqqcOsvY_USQv2DbxBwjA,2310
Bandeira Amarela,https://www.youtube.com/channel/UCWcWdq4o19vEflzv2kxHrDg,2190
Tese Podcast,https://www.youtube.com/channel/UChhejRIP1603djHpkG4zFbw,2190
"Match Point, el podcast",https://www.youtube.com/channel/UCKYi8Uf_ISIu5DKgOe-UySw,2120
M√£o de fogo,https://www.youtube.com/channel/UCUxvDHOufVFoLst1jS9vtRA,2080
BTR Boxing Podcast Network,https://www.youtube.com/channel/UC6eQGJooaGvUzsEOsiBRXDg,2070
Thunder Voice Podcast,https://www.youtube.com/channel/UCbeddWPDpCoY7UHRDo66V0w,2040
16.15 Podcast,https://www.youtube.com/channel/UCYoWyIp1m-NiWS_cUIzIP7g,2010
Super Shape Podcast,https://www.youtube.com/channel/UCkXEo5GQFVMEJS2Ic07Nutw,1960
Cultura Surf Podcast,https://www.youtube.com/channel/UCOkyGUD7dbBsx4XANtmk1mw,1930
MMA Takes Podcast,https://www.youtube.com/channel/UCh4Wldx8bcfGFJh8e9L5ASg,1880
ZONA DE ATAQUE PODCAST,https://www.youtube.com/channel/UCrwwkoTFxE9lcLYxa3JstPg,1840
Another MMA Podcast by Nick Davis,https://www.youtube.com/channel/UCtvB1iiShWreiKusHjzXI0w,1810
Madona Cast Podcast,https://www.youtube.com/channel/UC6n3rbxhYvI6Kcw4UOi5-fw,1760
Beach Tennis Brasil Podcast,https://www.youtube.com/channel/UCPOdJqHuMj3qZnvuECSYOiQ,1750
D-FRENT PODCAST,https://www.youtube.com/channel/UCdGSKQG_WHZNUxsbKbdTPpA,1590
Vida de √©lite,https://www.youtube.com/channel/UCSNnr57kCR0oATY_qiLN0Hg,1500
Boragir Podcast,https://www.youtube.com/channel/UCYQ5xX5s-Myfc3iQxZ9rf0Q,1450
Podcast de Fotografia - Est√∫dios Brownie,https://www.youtube.com/channel/UCEJgtW3ok0IooRGqV7IqNNQ,1440
Patriarchal Podcast,https://www.youtube.com/channel/UCtb5UKC5Hu0gNShMGBxubJA,1420
Tennis Weekly Podcast,https://www.youtube.com/channel/UClqu9TzAc_qPg6gONIybRgg,1410
MMA com Oswaldo,https://www.youtube.com/channel/UCU_5NUUle7nlPeyzvjFCWjw,1370
STALL MMA TV,https://www.youtube.com/channel/UCSiIRULhQ02ykmuY886jSBg,1360
Fluxo Podcast,https://www.youtube.com/channel/UCetcAkdvX4dsS5IpJP2xGng,1340
Beckstage Podcast,https://www.youtube.com/channel/UCfZFF8CCNr1Ou6G-ailIRwg,1300
Vale + Podcast,https://www.youtube.com/channel/UCDb5N511tUxYHRrn3D1lHPw,1290
Ciclismo Base y Amateur,https://www.youtube.com/channel/UCRC549us6_QvvNK96K4xz8Q,1180
The Functional Tennis Podcast,https://www.youtube.com/channel/UCcJltjvuTGLTu3FAoO1zfXQ,1110
ON FIGHT PODCAST,https://www.youtube.com/channel/UCvVGPm0sS9H1cu_O4CLRTzg,1040
Nata√ß√£o Criativa - Renato Simon,https://www.youtube.com/channel/UCcPX8E650U9AT8B-8h6WouQ,1020
Portes Podcast,https://www.youtube.com/channel/UC__J2saf4RvYgdEwVkQdkHA,1010
Arena Dos Fan√°ticos Futebol Podcast,https://www.youtube.com/channel/UCwim-l4ostBr65INySg3E3w,982
Falae Podcast,https://www.youtube.com/channel/UCKPhdIdHUWAqISR1uni3tXw,957
Podcast Mundo do T√™nis,https://www.youtube.com/channel/UC1j7fzRqTy1sOrZBboi9t5g,943
Ventaglio - Il podcast del grande ciclismo,https://www.youtube.com/channel/UCkYFHmW6o9Am4AKhlkd56fw,914
BOXING PODCAST,https://www.youtube.com/channel/UCAgZWm5e0Tcf4klThhe7-Dg,849
do Hipot√°lamo √† VaginŒ± Podcast,https://www.youtube.com/channel/UCzLT3iyFyPpBuzRXXNHjIsg,811
Hablamos de Ciclismo,https://www.youtube.com/channel/UCaoR9KQgH8Pmnv9NoO-N_Hg,798
Podcast CNDG,https://www.youtube.com/channel/UCen69nly7GFGy6fptx1nOgA,769
Bike Podcast,https://www.youtube.com/channel/UCn5XNVQDiMOB3ko_jqqGhOQ,711
Pesando no Assunto Podcast,https://www.youtube.com/channel/UCRihG5zyJNwWALbE44nQy_w,695
Altino Podcast,https://www.youtube.com/channel/UC_d2-EQrPmT1WMxifR9gGzg,656
PODCAST ITAPETININGA,https://www.youtube.com/channel/UCcMndUQqG4O4jPXVzu52d2w,652
Moleque chato podcast ,https://www.youtube.com/channel/UC-hYyjC9K55ALBX2PJuAsrA,626
P4P Un Podcast sulla Boxe,https://www.youtube.com/channel/UCKeQREPcv_CMRq9XYeSX2GQ,626
PowerCast - Ciclismo,https://www.youtube.com/channel/UCnkcmEbJFXWchEFHwe_0JKA,560
All Star Boxing Podcast,https://www.youtube.com/channel/UC6pFHjml1xVTFXGg9kTLUpQ,553
MedLeo Podcast,https://www.youtube.com/channel/UCpIySnbu81LHZtcXNfXqDxg,551
PodGuiar Podcast,https://www.youtube.com/channel/UCIqVH6bkJXrwaxaG-knUuvg,500
Pau na Maquina Podcast,https://www.youtube.com/channel/UC35bew8HKD-XHMv_5kNRnAw,482
Podcast BPV,https://www.youtube.com/channel/UC63ZZCi0prVSw7RDaU-r2qg,475
P√≥s Jogo Podcast,https://www.youtube.com/channel/UCVzK5zVMKA4r8iIP7NCN0qA,429
120 secondes ,https://www.youtube.com/channel/UCHNlx3ICe3RFEf8iRx0XoMA,423
Arthur Cury,https://www.youtube.com/channel/UCc1M_LoLAZyamd1wBvUlF-g,416
The Last Round Boxing Podcast,https://www.youtube.com/channel/UCblR142A4kLsxT-M5qIf3yg,405
Rua 15 podcast,https://www.youtube.com/channel/UCTt3MnAqTYLtR2CRdMBZzOg,397
NA CABANA PODCAST - [OFICIAL],https://www.youtube.com/channel/UCk8p-Qc1maxZXQAMnkv1jCg,385
Tipsy Tennis Podcast,https://www.youtube.com/channel/UC5geFIIs_Wg7JEH4Frb5DUQ,375
HISTORYCAST  PODCAST,https://www.youtube.com/channel/UCeqRInu253mGHkNfUZgGO4Q,362
Resist√™ncia Podcast,https://www.youtube.com/channel/UCH6a7vqCe6X_bSY2Iq1gcrw,359
Out Podcast,https://www.youtube.com/channel/UCcEPGkht7IV85kZ7pBxhefw,355
MUSCULANDO  PODCAST,https://www.youtube.com/channel/UCvi10QIkLiWBwWeFHolndCg,351
RevivCast,https://www.youtube.com/channel/UCxo59clh6Sea1_H79meQvUg,342
P√µe na Conta Podcast,https://www.youtube.com/channel/UCsr4I528ma22JdzgMiUNvIQ,342
Ring Walk Boxing Podcast,https://www.youtube.com/channel/UCLosY8F0lXcOsc94dUV4d8w,340
Finding Demo Surf Fishing,https://www.youtube.com/channel/UCxAwWIMaWyw1adyaC_sKJ-A,336
Carcamanos Podcast [OFICIAL],https://www.youtube.com/channel/UCxJsNflzdYFUad7qBx3KXXw,325
Resenha Podcast,https://www.youtube.com/channel/UCFBShAF43RbxxGmgYkTuY9Q,324
Ciclismo Obscuro,https://www.youtube.com/channel/UCIKAWpdxdqmqK-zbAQtJaRw,323
Suprecast Podcast,https://www.youtube.com/channel/UCeVpscq3eNlJfKOB8f-NjVg,293
Polecast Automobilismo,https://www.youtube.com/channel/UCO86gOKM2JM6QgfBRsmF_HA,291
SPODCAST ,https://www.youtube.com/channel/UCqAteMmB3yBb5WxcObBCWJw,287
Pace Setters,https://www.youtube.com/channel/UCvlrM2zFGGshwfRSiGElyDA,280
Podcast Gourmet,https://www.youtube.com/channel/UCuaUzMMTsr_4_qi7TBs0CAA,254
Tennis Gambling Podcast - SGPN,https://www.youtube.com/channel/UCLamtk5gHHJitNrWM06acvw,228
Papo de corrida Podcast,https://www.youtube.com/channel/UCwsp-0_hNJysLllo2GrnVsQ,212
Podcast Da Bike,https://www.youtube.com/channel/UC6EkauAWrdqEPes3KHd8MFQ,212
Xeriffe Podcast,https://www.youtube.com/channel/UCkeVcEFsldGe5MGHFvQy25w,190
Watera Surf Podcast,https://www.youtube.com/channel/UCamofKHCjoqEsNIfwmivbZA,179
Curva Zero Cast,https://www.youtube.com/channel/UCJWCPhbDvsOo7vyZzCkzDuQ,178
The Barbershop Boxing Podcast,https://www.youtube.com/channel/UC7nezftXCQc62ZIZTmqaH9g,173
SACADA PODCAST,https://www.youtube.com/channel/UCobRMTZezvq0LSC-LNhkOWg,167
Paddock Podcast,https://www.youtube.com/channel/UCZVV9AF62xljFqacd2A3NXA,167
DL Boxing Podcast,https://www.youtube.com/channel/UCm5-Kxc87ZD-BuqIzPx_juQ,155
Ballers Club Podcast  üéôÔ∏è,https://www.youtube.com/channel/UCaBsaTzxYOssvfhsYdXdmEA,147
Set Point Podcast,https://www.youtube.com/channel/UCdaADYhXbhG4X0OCfy-36Qg,136
TPM O PODCAST,https://www.youtube.com/channel/UCqH62rd9dMSgk93MwVQlnpw,128
Papo Fit Podcast,https://www.youtube.com/channel/UC-w2Age_GuWo4aWkriT6vqQ,123
Pelo Mundo Podcast,https://www.youtube.com/channel/UCTGMbD9xko8Sae2gW4Ggfxg,121
Ciclismo Podcast,https://www.youtube.com/channel/UCWwfMBWa7m8YJG07JVSpVnw,115
The Tech Surf Podcast,https://www.youtube.com/channel/UCnKHvvuhvzex12lALNvmvOw,105
T√Å NA MESA PODCAST,https://www.youtube.com/channel/UCc3BVPMi7lEtYkGuk7gxIQA,99
QUATRO LUVAS,https://www.youtube.com/channel/UCpQ3TakdqCTEuvDSpharXKA,91
Nata√ß√£o M√°ster Brasil,https://www.youtube.com/channel/UCnt8DXbEXzDWzKaF9KKVUVg,80
Podcast Duplo Twist Hablado,https://www.youtube.com/channel/UCxeuHBsqEK1fTZoKxv_fmWw,80
Surf Talk Podcast,https://www.youtube.com/channel/UCD5-21zO3_84Q1nBblifzyQ,80
Roda de Gin√°stica - Podcast,https://www.youtube.com/channel/UCQmzDvIsqWA-oJiBPXMVh9A,76
Impact Zone Surf Podcast,https://www.youtube.com/channel/UCWorv0P9zMGymJKLgc5RyeQ,74
Hora Bolas Podcast,https://www.youtube.com/channel/UC7K66bGWhaWhKvIazYMa9TA,69
Gym Podcast Brazil,https://www.youtube.com/channel/UCaSDR_rxKPpEXa58FOEwGAg,68
Hemisferio Surf Podcast,https://www.youtube.com/channel/UC4lLFbIzcVqwd_hsh_cuS-g,61
The No Bones MMA podcast,https://www.youtube.com/channel/UC7y1wT5R4dUrXZwfiZPyr0w,46
PEP - Palestra Esporte Podcast - com Luiz Vilani,https://www.youtube.com/channel/UCVVeWHukzpKl8LbR9rbww4Q,43
Futebol Podcast ,https://www.youtube.com/channel/UCjBE5jdDaxbb0bsqfvqshOA,42
Podcast do surf,https://www.youtube.com/channel/UCjSWXBZ091S5E7nfe9P5g3w,42
DayOff Podcast,https://www.youtube.com/channel/UC1WP9T2OpnO2lg8gUohFijQ,41
PODCAST | ATLETISMO GLOBAL,https://www.youtube.com/channel/UCaLDDCca3chGOBF_FTUOhsw,40
# FUTEBOL PODCAST ,https://www.youtube.com/channel/UCZNmPlq2Yy_O1T7CyM7Tl9w,37
Capela do Esporte,https://www.youtube.com/channel/UCy6DueINniHrq8IQP2RtbdA,34
Athena Podcast,https://www.youtube.com/channel/UCmZ4eeN_3d_CJqxyPTv-nZQ,33
Podcast OlimpCast,https://www.youtube.com/channel/UC6jI-iBwXEhdrgjJIgLF8IA,33
PODCAST DA FAMILIA,https://www.youtube.com/channel/UC8PdDDwa7rmlFxxmkEUqisQ,30
Bad Vibes Cycling Club Podcast,https://www.youtube.com/channel/UCza0Gx0G5gUhfYpAw6WuyWQ,30
SOUL OF A FIGHTER An MMA Podcast,https://www.youtube.com/channel/UC1hTL-TjpR-JVg7PdbyxjTg,28
Rocilene Duarte ,https://www.youtube.com/channel/UCk__YE6CbnwhbWBJoWZAq8Q,26
Surf Break Podcast,https://www.youtube.com/channel/UCxLTcurzgyFBRAbTm_UDypg,23
Podcast Corredores do fund√£o,https://www.youtube.com/channel/UCz66aUPwsVt7deKVCYiHQOw,21
Cidade Futebol Podcast,https://www.youtube.com/channel/UCM_e-bNkaUwm1EON81G7bBg,18
Zona Korre,https://www.youtube.com/channel/UCRp31hSU3NUsiB7M04iISqA,18
Cortes do Podcast Podsport ,https://www.youtube.com/channel/UC2xHnbzdIoUQqSe5gCIJuMQ,18
Sert√£o de Lutas Podcast,https://www.youtube.com/channel/UCjsWMf36xKdq65TSIbg7sEg,17
Sports Couples Podcast,https://www.youtube.com/channel/UCHqfAbPYw08LiLqWsbpHH7w,17
Podpato,https://www.youtube.com/channel/UCSzxQBLyvv7qPWM-0gDpkZQ,16
galo de tenis podcast,https://www.youtube.com/channel/UClKPQ6HNJQy22U9lplbYECA,14
Gigante Elite -Podcast de luta,https://www.youtube.com/channel/UCpZ6epHAJ8czZg9pi37LnLA,14
Sobre Rodas Podcast,https://www.youtube.com/channel/UCvHvwkCL_9_KQflyUXkDF4Q,13
Es De Ciclistas Podcast,https://www.youtube.com/channel/UCy8fKhq_EXDcWscGzZOEE1A,13
Pod 1 - Automobilismo com Conte√∫do,https://www.youtube.com/channel/UCXnOP1Kd86L5EhNtOWtfshw,12
podcast do  empreender ,https://www.youtube.com/channel/UCFpjhyBWT-MkYj2K4b4sKAQ,10
A2 Podcast,https://www.youtube.com/channel/UCS1CGk5G25wqcK9_EQa_Iaw,8
O podcast Carlos Gomes ,https://www.youtube.com/channel/UCcKBgUQWbfpbXv6afk9O_hw,6
10-8 MMA Podcast,https://www.youtube.com/channel/UC17B3WLBtobXB2hrfdLlS6w,5
Podiocast Ol√≠mpico,https://www.youtube.com/channel/UC_owKmkJZ7O4XJVo84GSNJA,4
FUTEBOL  PODCAST,https://www.youtube.com/channel/UCKtB9mcZ0F14SBTRJkW0AOg,2
futebol podcast,https://www.youtube.com/channel/UCwhZp9KIRW-DU_hcrrS5wiw,1
CASA FIT V√îLEI PODCAST,https://www.youtube.com/channel/UCHH_aMO6G9saUISO_bjCf4w,1
VamoV√™ Cortes Podcast,https://www.youtube.com/channel/UCXecUlqoDMXtPqsnj_MnLiQ,1
podcast channel,https://www.youtube.com/channel/UCGFSAnAaU9ChDiWAJXZSKhQ,1
LIGADOS NO SURF PODCAST,https://www.youtube.com/channel/UCwkiNAdwyxZKfbGBibCcS_w,1
MMA Podcast,https://www.youtube.com/channel/UCmrKNHiLFEOJWpcTVGuVxOQ,0
CICLISMO PODCAST,https://www.youtube.com/channel/UCRZeZT8VEaQZVd4GVyqjAyQ,0
Fuga Ciclismo Podcast,https://www.youtube.com/channel/UC5goexS8KHeMCWsKiEQ6oEQ,0
